codigo,tipo,coluna_mm,vao_max_mm,esp_chapa_mm,kg
B180S80,TIPO DE BRAÇO SIMPLES 180MM,80,1200,1.5,1.4654
B180S101,TIPO DE BRAÇO SIMPLES 180MM,101,1200,1.5,1.5135
B180S122,TIPO DE BRAÇO SIMPLES 180MM,122,1200,1.5,1.5616
B180S80D,TIPO DE BRAÇO SIMPLES 180MM,160,1200,1.5,1.6487
B180S80,TIPO DE BRAÇO SIMPLES 180MM,80,1500,1.5,1.4654
B180S101,TIPO DE BRAÇO SIMPLES 180MM,101,1500,1.5,1.5135
B180S122,TIPO DE BRAÇO SIMPLES 180MM,122,1500,1.5,1.5616
B180S80D,TIPO DE BRAÇO SIMPLES 180MM,160,1500,1.5,1.6487
B230S80,TIPO DE BRAÇO SIMPLES 230mm,80,1200,1.5,1.58
B230S101,TIPO DE BRAÇO SIMPLES 230mm,101,1200,1.5,1.6281
B230S122,TIPO DE BRAÇO SIMPLES 230mm,122,1200,1.5,1.6762
B230S80D,TIPO DE BRAÇO SIMPLES 230mm,160,1200,1.5,1.7634
B230S80,TIPO DE BRAÇO SIMPLES 230mm,80,1500,1.5,1.58
B230S101,TIPO DE BRAÇO SIMPLES 230mm,101,1500,1.5,1.6281
B230S122,TIPO DE BRAÇO SIMPLES 230mm,122,1500,1.5,1.6762
B230S80D,TIPO DE BRAÇO SIMPLES 230mm,160,1500,1.5,1.7634
B180S80,TIPO DE BRAÇO DUPLO 180MM,80,1200,1.5,1.878
B180S101,TIPO DE BRAÇO DUPLO 180MM,101,1200,1.5,1.9261
B180S122,TIPO DE BRAÇO DUPLO 180MM,122,1200,1.5,1.9742
B180D80D,TIPO DE BRAÇO DUPLO 180MM,160,1200,1.5,2.0613
B180S80,TIPO DE BRAÇO DUPLO 180MM,80,1500,1.5,1.878
B180S101,TIPO DE BRAÇO DUPLO 180MM,101,1500,1.5,1.9261
B180S122,TIPO DE BRAÇO DUPLO 180MM,122,1500,1.5,1.9742
B180D80D,TIPO DE BRAÇO DUPLO 180MM,160,1500,1.5,2.0613
B230S80,TIPO DE BRAÇO DUPLO 230MM,80,1200,1.5,2.1072
B230S101,TIPO DE BRAÇO DUPLO 230MM,101,1200,1.5,2.1553
B230S122,TIPO DE BRAÇO DUPLO 230MM,122,1200,1.5,2.2035
B230D80D,TIPO DE BRAÇO DUPLO 230MM,160,1200,1.5,2.2906
B230S80,TIPO DE BRAÇO DUPLO 230MM,80,1500,1.5,2.1072
B230S101,TIPO DE BRAÇO DUPLO 230MM,101,1500,1.5,2.1553
B230S122,TIPO DE BRAÇO DUPLO 230MM,122,1500,1.5,2.2035
B230D80D,TIPO DE BRAÇO DUPLO 230MM,160,1200,1.5,2.2906
