descricao,face_frontal_mm,espessura_mm,sliter_mm,cv_mm_a_confirmar,kg_por_m_calc_7.85,kg_por_m_planilha,diferenca
"AMPP COL 80 C/ABA #1,5mm",80,1.5,246,300,2.8966,,
"AMPP COL 80 C/ABA #1,8mm",80,1.8,246,300,3.476,3.8671,0.3911
"AMPP COL 80 C/ABA #2,0mm",80,2.0,246,300,3.8622,3.8671,0.0049
"AMPP COL 80 C/ABA #2,25mm",80,2.25,246,300,4.345,4.3505,0.0055
"AMPP COL 80 C/ABA #2,65mm",80,2.65,246,300,5.1174,5.1239,0.0065
"AMPP COL 101 C/ABA #1,5mm",101,1.5,273,300,3.2146,,
"AMPP COL 101 C/ABA #1,8mm",101,1.8,273,300,3.8575,3.8624,0.0049
"AMPP COL 101 C/ABA #2,0mm",101,2.0,273,300,4.2861,4.2916,0.0055
"AMPP COL 101 C/ABA #2,25mm",101,2.25,273,300,4.8219,4.828,0.0061
"AMPP COL 101 C/ABA #2,65mm",101,2.65,273,300,5.6791,5.6863,0.0072
"AMPP COL 122 C/ABA #1,5mm",122,1.5,298.5,300,3.5148,,
"AMPP COL 122 C/ABA #1,8mm",122,1.8,298.5,300,4.2178,4.2373,0.0195
"AMPP COL 122 C/ABA #2,0mm",122,2.0,298.5,300,4.6864,4.7081,0.0217
"AMPP COL 122 C/ABA #2,25mm",122,2.25,298.5,300,5.2723,5.2967,0.0244
"AMPP COL 122 C/ABA #2,65mm",122,2.65,298.5,300,6.2095,6.2383,0.0288
