codigo,largura_mm,espessura_mm,kg_por_m,sapata_kg,placa_niveladora_kg,tala_juncao_kg
"AMPP80#1,8mm",80,1.8,3.8671,1.25,0.225,0.8248
"AMPP80#2,0mm",80,2.0,3.8671,1.25,0.225,0.8248
"AMPP80#2,25mm",80,2.25,4.3505,1.25,0.225,0.8248
"AMPP80#2,65mm",80,2.65,5.1239,1.25,0.225,0.8248
"AMPP101#1,8mm",101,1.8,3.8624,1.3,0.225,0.8248
"AMPP101#2,0mm",101,2.0,4.2916,1.3,0.225,0.8248
"AMPP101#2,25mm",101,2.25,4.828,1.3,0.225,0.8248
"AMPP101#2,65mm",101,2.65,5.6863,1.3,0.225,0.8248
"AMPP122#1,8mm",122,1.8,4.2373,1.35,0.225,0.8248
"AMPP122#2,0mm",122,2.0,4.7081,1.35,0.225,0.8248
"AMPP122#2,25mm",122,2.25,5.2967,1.35,0.225,0.8248
"AMPP122#2,65mm",122,2.65,6.2383,1.35,0.225,0.8248
"AMPP80DUP#1,8mm",160,1.8,7.074,1.65,0.225,0.8248
"AMPP80DUP#2,00mm",160,2.00,7.86,1.65,0.225,0.8248
"AMPP80DUP#2,25mm",160,2.25,8.8425,1.65,0.225,0.8248
"AMPP80DUP#2,65mm",160,2.65,10.4145,1.65,0.225,0.8248
