face_frontal_mm,altura_mm,sa,descricao_na_tabela,problema
101,500,SA041662,"PP COLUNA C ABA 0,65 101","descricao 0,65 m mas altura 500 na tabela"
122,4222,SA040335,"PP COLUNA C/ABA 4,22 122",altura nao multipla de 50
80,800,SA04***,"PP COLUNA C/ABA 0,80 80",SA pendente no cadastro
80,7500,SA040427,"PP COLUNA C/ABA 5,15 81","descricao ""81"" com SA copiado de outra altura (5,15-6,10 m)"
80,7550,SA040346,"PP COLUNA C/ABA 5,20 81","descricao ""81"" com SA copiado de outra altura (5,15-6,10 m)"
80,7600,SA040428,"PP COLUNA C/ABA 5,25 81","descricao ""81"" com SA copiado de outra altura (5,15-6,10 m)"
80,7650,SA040429,"PP COLUNA C/ABA 5,30 81","descricao ""81"" com SA copiado de outra altura (5,15-6,10 m)"
80,7700,SA040430,"PP COLUNA C/ABA 5,35 81","descricao ""81"" com SA copiado de outra altura (5,15-6,10 m)"
80,7750,SA040431,"PP COLUNA C/ABA 5,40 81","descricao ""81"" com SA copiado de outra altura (5,15-6,10 m)"
80,7800,SA040432,"PP COLUNA C/ABA 5,45 81","descricao ""81"" com SA copiado de outra altura (5,15-6,10 m)"
80,7850,SA040433,"PP COLUNA C/ABA 5,50 81","descricao ""81"" com SA copiado de outra altura (5,15-6,10 m)"
80,7900,SA040434,"PP COLUNA C/ABA 5,55 81","descricao ""81"" com SA copiado de outra altura (5,15-6,10 m)"
80,7950,SA040435,"PP COLUNA C/ABA 5,60 81","descricao ""81"" com SA copiado de outra altura (5,15-6,10 m)"
80,8000,SA040436,"PP COLUNA C/ABA 5,65 81","descricao ""81"" com SA copiado de outra altura (5,15-6,10 m)"
80,8050,SA040437,"PP COLUNA C/ABA 5,70 81","descricao ""81"" com SA copiado de outra altura (5,15-6,10 m)"
80,8100,SA040438,"PP COLUNA C/ABA 5,75 81","descricao ""81"" com SA copiado de outra altura (5,15-6,10 m)"
80,8150,SA040439,"PP COLUNA C/ABA 5,80 81","descricao ""81"" com SA copiado de outra altura (5,15-6,10 m)"
80,8200,SA040440,"PP COLUNA C/ABA 5,85 81","descricao ""81"" com SA copiado de outra altura (5,15-6,10 m)"
80,8250,SA040441,"PP COLUNA C/ABA 5,90 81","descricao ""81"" com SA copiado de outra altura (5,15-6,10 m)"
80,8300,SA040442,"PP COLUNA C/ABA 5,95 81","descricao ""81"" com SA copiado de outra altura (5,15-6,10 m)"
80,8350,SA040297,"PP COLUNA C/ABA 6,00 81","descricao ""81"" com SA copiado de outra altura (5,15-6,10 m)"
80,8400,SA040443,"PP COLUNA C/ABA 6,05 81","descricao ""81"" com SA copiado de outra altura (5,15-6,10 m)"
80,8450,SA040444,"PP COLUNA C/ABA 6,10 81","descricao ""81"" com SA copiado de outra altura (5,15-6,10 m)"
