face_frontal_mm,altura_mm,sa
80,400,SA041058
80,500,SA040959
80,650,SA041422
80,1000,SA041257
80,1050,SA041475
80,1100,SA041803
80,1250,SA040302
80,1350,SA040307
80,1500,SA040361
80,1550,SA040362
80,1600,SA040363
80,1650,SA040364
80,1700,SA040365
80,1750,SA040366
80,1800,SA040367
80,1850,SA040368
80,1900,SA040369
80,1950,SA040370
80,2000,SA040329
80,2050,SA040371
80,2100,SA040372
80,2150,SA040373
80,2200,SA040374
80,2250,SA040375
80,2300,SA040376
80,2350,SA040377
80,2400,SA040378
80,2450,SA040379
80,2500,SA040239
80,2550,SA040380
80,2600,SA040381
80,2650,SA040382
80,2700,SA040383
80,2750,SA040384
80,2800,SA040385
80,2850,SA040386
80,2900,SA040387
80,2950,SA040388
80,3000,SA040053
80,3050,SA040389
80,3100,SA040390
80,3150,SA040391
80,3200,SA040392
80,3250,SA040393
80,3300,SA040394
80,3350,SA040395
80,3400,SA040396
80,3450,SA040397
80,3500,SA040398
80,3550,SA040399
80,3600,SA040400
80,3650,SA040401
80,3700,SA040402
80,3750,SA040403
80,3800,SA040404
80,3850,SA040405
80,3900,SA040406
80,3950,SA040407
80,4000,SA040209
80,4050,SA040408
80,4100,SA040409
80,4150,SA040357
80,4200,SA040410
80,4250,SA040411
80,4300,SA040412
80,4350,SA040413
80,4400,SA040414
80,4450,SA040415
80,4500,SA040147
80,4550,SA040416
80,4600,SA040417
80,4650,SA040418
80,4700,SA040419
80,4750,SA040420
80,4800,SA040421
80,4850,SA040422
80,4900,SA040423
80,4950,SA040424
80,5000,SA040207
80,5050,SA040425
80,5100,SA040426
80,5150,SA040427
80,5200,SA040346
80,5250,SA040428
80,5300,SA040429
80,5350,SA040430
80,5400,SA040431
80,5450,SA040432
80,5500,SA040433
80,5550,SA040434
80,5600,SA040435
80,5650,SA040436
80,5700,SA040437
80,5750,SA040438
80,5800,SA040439
80,5850,SA040440
80,5900,SA040441
80,5950,SA040442
80,6000,SA040297
80,6050,SA040443
80,6100,SA040444
80,6150,SA040445
80,6200,SA040446
80,6250,SA040447
80,6300,SA040448
80,6350,SA040449
80,6400,SA040450
80,6450,SA040451
80,6500,SA040452
80,6550,SA040453
80,6600,SA040454
80,6650,SA040455
80,6700,SA040456
80,6750,SA040457
80,6800,SA040458
80,6850,SA040459
80,6900,SA040460
80,6950,SA040461
80,7000,SA040462
80,7050,SA040463
80,7100,SA040464
80,7150,SA040465
80,7200,SA040466
80,7250,SA040347
80,7300,SA040467
80,7350,SA040468
80,7400,SA040469
80,7450,SA040470
80,7500,SA040471
101,100,SA040285
101,400,SA041063
101,500,SA040971
101,700,SA041368
101,800,SA041674
101,900,SA041289
101,1000,SA040237
101,1050,SA041692
101,1100,SA041997
101,1200,SA042007
101,1250,SA040301
101,1300,SA041675
101,1350,SA040315
101,1400,SA041227
101,1500,SA040491
101,1550,SA040492
101,1600,SA040493
101,1650,SA040494
101,1700,SA040495
101,1750,SA040496
101,1800,SA040497
101,1850,SA040498
101,1900,SA040499
101,1950,SA040500
101,2000,SA040330
101,2050,SA040501
101,2100,SA040502
101,2150,SA040503
101,2200,SA040504
101,2250,SA040505
101,2300,SA040506
101,2350,SA040507
101,2400,SA040508
101,2450,SA040027
101,2500,SA040509
101,2550,SA040510
101,2600,SA040220
101,2650,SA040511
101,2700,SA040512
101,2750,SA040513
101,2800,SA040191
101,2850,SA040514
101,2900,SA040515
101,2950,SA040516
101,3000,SA040271
101,3050,SA040260
101,3100,SA040517
101,3150,SA040518
101,3200,SA040272
101,3250,SA040519
101,3300,SA040026
101,3350,SA040520
101,3400,SA040521
101,3450,SA040025
101,3500,SA040170
101,3550,SA040522
101,3600,SA040340
101,3650,SA040523
101,3700,SA040524
101,3750,SA040525
101,3800,SA040024
101,3850,SA040526
101,3900,SA040527
101,3950,SA040299
101,4000,SA040111
101,4050,SA040528
101,4100,SA040529
101,4150,SA040530
101,4200,SA040531
101,4250,SA040532
101,4300,SA040533
101,4350,SA040534
101,4400,SA040300
101,4450,SA040535
101,4500,SA040054
101,4550,SA040536
101,4600,SA040537
101,4650,SA040538
101,4700,SA040539
101,4750,SA040540
101,4800,SA040108
101,4850,SA040541
101,4900,SA040542
101,4950,SA040543
101,5000,SA040204
101,5050,SA040544
101,5100,SA040545
101,5150,SA040546
101,5200,SA040190
101,5250,SA040547
101,5300,SA040282
101,5350,SA040548
101,5400,SA040262
101,5450,SA040549
101,5500,SA040550
101,5550,SA040551
101,5600,SA040211
101,5650,SA040552
101,5700,SA040553
101,5750,SA040554
101,5800,SA040136
101,5850,SA040003
101,5900,SA040555
101,5950,SA040556
101,6000,SA040146
101,6050,SA040557
101,6100,SA040558
101,6150,SA040036
101,6200,SA040559
101,6250,SA040560
101,6300,SA040339
101,6350,SA040561
101,6400,SA040562
101,6450,SA040563
101,6500,SA040564
101,6550,SA040150
101,6600,SA040565
101,6650,SA040566
101,6700,SA040567
101,6750,SA040568
101,6800,SA040569
101,6850,SA040570
101,6900,SA040571
101,6950,SA040572
101,7000,SA040057
101,7050,SA040573
101,7100,SA040574
101,7150,SA040575
101,7200,SA040576
101,7250,SA040577
101,7300,SA040151
101,7350,SA040578
101,7400,SA040579
101,7450,SA040580
101,7500,SA040234
101,7550,SA040581
101,7600,SA040177
101,7650,SA040193
101,7700,SA040582
101,7750,SA040583
101,7800,SA040584
101,7850,SA040585
101,7900,SA040586
101,7950,SA040587
101,8000,SA040056
101,8050,SA040152
101,8100,SA040588
101,8150,SA040589
101,8200,SA040590
101,8250,SA040591
101,8300,SA040592
101,8350,SA040593
101,8400,SA040594
101,8450,SA040595
101,8500,SA040192
101,8950,SA040972
101,10000,SA041670
101,11000,SA041671
122,100,SA040187
122,400,SA041059
122,500,SA041060
122,1000,SA040132
122,1350,SA040353
122,1450,SA041501
122,1500,SA040596
122,1550,SA040597
122,1600,SA040598
122,1650,SA040599
122,1700,SA040600
122,1750,SA040601
122,1800,SA040602
122,1850,SA040603
122,1900,SA040604
122,1950,SA040605
122,2000,SA040328
122,2050,SA040606
122,2100,SA040607
122,2150,SA040608
122,2200,SA040349
122,2250,SA040609
122,2300,SA040141
122,2350,SA040610
122,2400,SA040611
122,2450,SA040612
122,2500,SA040323
122,2550,SA040613
122,2600,SA040334
122,2650,SA040614
122,2700,SA040615
122,2750,SA040616
122,2800,SA040617
122,2850,SA040618
122,2900,SA040619
122,2950,SA040620
122,3000,SA040186
122,3050,SA040621
122,3100,SA040622
122,3150,SA040623
122,3200,SA040624
122,3250,SA040625
122,3300,SA040626
122,3350,SA040627
122,3400,SA040628
122,3450,SA040629
122,3500,SA040212
122,3550,SA040630
122,3600,SA040631
122,3650,SA040632
122,3700,SA040633
122,3750,SA040634
122,3800,SA040635
122,3850,SA040636
122,3900,SA040637
122,3950,SA040638
122,4000,SA040639
122,4050,SA040640
122,4100,SA040354
122,4150,SA040641
122,4200,SA040642
122,4250,SA040643
122,4300,SA040644
122,4350,SA040645
122,4400,SA040646
122,4450,SA040647
122,4500,SA040648
122,4550,SA040649
122,4600,SA040650
122,4650,SA040651
122,4700,SA040652
122,4750,SA040653
122,4800,SA040654
122,4850,SA040655
122,4900,SA040656
122,4950,SA040657
122,5000,SA040336
122,5050,SA040658
122,5100,SA040131
122,5150,SA040659
122,5200,SA040337
122,5250,SA040348
122,5300,SA040660
122,5350,SA040661
122,5400,SA040662
122,5450,SA040663
122,5500,SA040219
122,5550,SA040664
122,5600,SA040213
122,5650,SA040665
122,5700,SA040666
122,5750,SA040667
122,5800,SA040668
122,5850,SA040669
122,5900,SA040670
122,5950,SA040671
122,6000,SA040672
122,6050,SA040673
122,6100,SA040674
122,6150,SA040675
122,6200,SA040676
122,6250,SA040677
122,6300,SA040678
122,6350,SA040679
122,6400,SA040680
122,6450,SA040185
122,6500,SA040681
122,6550,SA040682
122,6600,SA040683
122,6650,SA040684
122,6700,SA040685
122,6750,SA040686
122,6800,SA040687
122,6850,SA040688
122,6900,SA040689
122,6950,SA040690
122,7000,SA040691
122,7050,SA040692
122,7100,SA040693
122,7150,SA040694
122,7200,SA040695
122,7250,SA040696
122,7300,SA040697
122,7350,SA040698
122,7400,SA040699
122,7450,SA040700
122,7500,SA040701
122,7550,SA040702
122,7600,SA040703
122,7650,SA040704
122,7700,SA040705
122,7750,SA040706
122,7800,SA040707
122,7850,SA040708
122,7900,SA040709
122,7950,SA040710
122,8000,SA040324
122,8050,SA040711
122,8100,SA040712
122,8150,SA040713
122,8200,SA040714
122,8250,SA040715
122,8300,SA040716
122,8350,SA040717
122,8400,SA040718
122,8450,SA040719
122,8500,SA040130
